Product_name,Product_url,Price,Category,Product_image,Product_description,Products_sku,Tags
The Avengers (Set of 3),https://printawallpaper.com/shop/the-avengers-set-of-3/,0.00,Accent Tiles,,,,
Celestial Journey (Set of 3),https://printawallpaper.com/shop/the-celestial-journey-set-of-3/,"1,500.00",Accent Tiles,,,,
Royal Roar (Set of 3),https://printawallpaper.com/shop/the-royal-roar-set-of-3/,"1,500.00",Accent Tiles,,,,
Zen Principle (Set of 3),https://printawallpaper.com/shop/the-zen-principle-set-of-3/,"1,500.00",Accent Tiles,,,,
Three Musketeers (Set of 3),https://printawallpaper.com/shop/three-musketeers-set-of-3/,"1,500.00",Accent Tiles,,,,
,https://printawallpaper.com/shop/thunderbolts-set-of-3/,,,,,,
The Avengers (Set of 3),https://printawallpaper.com/shop/the-avengers-set-of-3/,0.00,Accent Tiles,,,,
Celestial Journey (Set of 3),https://printawallpaper.com/shop/the-celestial-journey-set-of-3/,"1,500.00",Accent Tiles,,,,
Royal Roar (Set of 3),https://printawallpaper.com/shop/the-royal-roar-set-of-3/,"1,500.00",Accent Tiles,,,,
Zen Principle (Set of 3),https://printawallpaper.com/shop/the-zen-principle-set-of-3/,"1,500.00",Accent Tiles,,,,
Three Musketeers (Set of 3),https://printawallpaper.com/shop/three-musketeers-set-of-3/,"1,500.00",Accent Tiles,,,,
,https://printawallpaper.com/shop/three-nuggets-set-of-3/,"1,500.00",,,,,
,https://printawallpaper.com/shop/three-steps-to-happiness-set-of-3/,,,,,,
,https://printawallpaper.com/shop/thunderbolts-set-of-3/,,,,,,
The Avengers (Set of 3),https://printawallpaper.com/shop/the-avengers-set-of-3/,0.00,Accent Tiles,,,,
Celestial Journey (Set of 3),https://printawallpaper.com/shop/the-celestial-journey-set-of-3/,"1,500.00",Accent Tiles,,,,
Royal Roar (Set of 3),https://printawallpaper.com/shop/the-royal-roar-set-of-3/,"1,500.00",Accent Tiles,,,,
Zen Principle (Set of 3),https://printawallpaper.com/shop/the-zen-principle-set-of-3/,"1,500.00",Accent Tiles,,,,
Three Musketeers (Set of 3),https://printawallpaper.com/shop/three-musketeers-set-of-3/,"1,500.00",Accent Tiles,,,,
,https://printawallpaper.com/shop/three-nuggets-set-of-3/,"1,500.00",,,,,
,https://printawallpaper.com/shop/three-steps-to-happiness-set-of-3/,,,,,,
,https://printawallpaper.com/shop/thunderbolts-set-of-3/,,,,,,
The Avengers (Set of 3),https://printawallpaper.com/shop/the-avengers-set-of-3/,0.00,Accent Tiles,,,,
Celestial Journey (Set of 3),https://printawallpaper.com/shop/the-celestial-journey-set-of-3/,"1,500.00",Accent Tiles,,,,
Royal Roar (Set of 3),https://printawallpaper.com/shop/the-royal-roar-set-of-3/,"1,500.00",Accent Tiles,,,,
Zen Principle (Set of 3),https://printawallpaper.com/shop/the-zen-principle-set-of-3/,"1,500.00",Accent Tiles,,,,
Three Musketeers (Set of 3),https://printawallpaper.com/shop/three-musketeers-set-of-3/,"1,500.00",Accent Tiles,,,,
,https://printawallpaper.com/shop/three-nuggets-set-of-3/,"1,500.00",,,,,
,https://printawallpaper.com/shop/three-steps-to-happiness-set-of-3/,,,,,,
,https://printawallpaper.com/shop/thunderbolts-set-of-3/,,,,,,
The Avengers (Set of 3),https://printawallpaper.com/shop/the-avengers-set-of-3/,0.00,Accent Tiles,,,,
Celestial Journey (Set of 3),https://printawallpaper.com/shop/the-celestial-journey-set-of-3/,"1,500.00",Accent Tiles,,,,
Royal Roar (Set of 3),https://printawallpaper.com/shop/the-royal-roar-set-of-3/,"1,500.00",Accent Tiles,,,,
Zen Principle (Set of 3),https://printawallpaper.com/shop/the-zen-principle-set-of-3/,"1,500.00",Accent Tiles,,,,
Three Musketeers (Set of 3),https://printawallpaper.com/shop/three-musketeers-set-of-3/,"1,500.00",Accent Tiles,,,,
,https://printawallpaper.com/shop/three-nuggets-set-of-3/,"1,500.00",,,,,
,https://printawallpaper.com/shop/three-steps-to-happiness-set-of-3/,,,,,,
,https://printawallpaper.com/shop/thunderbolts-set-of-3/,,,,,,
,,0.00,,,,,
,,0.00,,,,,
,,0.00,,,,,
,,0.00,,,,,
,,0.00,,,,,
,,0.00,,,,,
,,0.00,,,,,
,,0.00,,,,,
,,0.00,,,,,
,,0.00,,,,,
,,0.00,,,,,
,,0.00,,,,,
,,0.00,,,,,
,,0.00,,,,,
,,0.00,,,,,
,,0.00,,,,,
,,0.00,,,,,
,,0.00,,,,,
,,0.00,,,,,
,,0.00,,,,,
,,0.00,,,,,
,,0.00,,,,,
,,0.00,,,,,
,,0.00,,,,,
,,0.00,,,,,
,,0.00,,,,,
,,0.00,,,,,
,,0.00,,,,,
The Avengers (Set of 3),https://printawallpaper.com/shop/the-avengers-set-of-3/,0.00,Accent Tiles,,,,
Celestial Journey (Set of 3),https://printawallpaper.com/shop/the-celestial-journey-set-of-3/,"1,500.00",Accent Tiles,,,,
Royal Roar (Set of 3),https://printawallpaper.com/shop/the-royal-roar-set-of-3/,"1,500.00",Accent Tiles,,,,
Zen Principle (Set of 3),https://printawallpaper.com/shop/the-zen-principle-set-of-3/,"1,500.00",Accent Tiles,,,,
Three Musketeers (Set of 3),https://printawallpaper.com/shop/three-musketeers-set-of-3/,"1,500.00",Accent Tiles,,,,
,https://printawallpaper.com/shop/three-nuggets-set-of-3/,"1,500.00",,,,,
,https://printawallpaper.com/shop/three-steps-to-happiness-set-of-3/,,,,,,
,https://printawallpaper.com/shop/thunderbolts-set-of-3/,,,,,,
,,0.00,,,,,
,,0.00,,,,,
,,0.00,,,,,
,,0.00,,,,,
,,0.00,,,,,
Palmograhy,https://printawallpaper.com/shop/palmograhy/,0.00,Botanical,,,,
Forest Mist,https://printawallpaper.com/shop/forest-mist/,95.00,Botanical,,,,
Animal Games,https://printawallpaper.com/shop/animal-games/,120.00,Botanical,,,,
Forest Monument,https://printawallpaper.com/shop/forest-monument/,95.00,Botanical,,,,
Foggy Tropics,https://printawallpaper.com/shop/foggy-tropics/,120.00,Botanical,,,,
Tropical Macaws,https://printawallpaper.com/shop/tropical-macaws/,95.00,Botanical,,,,
Virgin Forest,https://printawallpaper.com/shop/virgin-forest/,120.00,Botanical,,,,
Tropical Wonderland,https://printawallpaper.com/shop/tropical-wonderland/,95.00,Botanical,,,,
Tropical Trees in Fog,https://printawallpaper.com/shop/tropical-trees-in-fog/,120.00,Botanical,,,,
Tropical Palms,https://printawallpaper.com/shop/tropical-palms/,95.00,Botanical,,,,
Tropical Landscape,https://printawallpaper.com/shop/tropical-landscape/,120.00,Botanical,,,,
Tropical Jungle,https://printawallpaper.com/shop/tropical-jungle/,95.00,Botanical,,,,
,,120.00,,,,,
,,95.00,,,,,
,,120.00,,,,,
,,95.00,,,,,
,,120.00,,,,,
,,95.00,,,,,
,,120.00,,,,,
,,95.00,,,,,
,,120.00,,,,,
,,95.00,,,,,
,,120.00,,,,,
,,95.00,,,,,
,,120.00,,,,,
,,0.00,,,,,
The Avengers (Set of 3),https://printawallpaper.com/shop/the-avengers-set-of-3/,0.00,Accent Tiles,,,,
Celestial Journey (Set of 3),https://printawallpaper.com/shop/the-celestial-journey-set-of-3/,"1,500.00",Accent Tiles,,,,
Royal Roar (Set of 3),https://printawallpaper.com/shop/the-royal-roar-set-of-3/,"1,500.00",Accent Tiles,,,,
Zen Principle (Set of 3),https://printawallpaper.com/shop/the-zen-principle-set-of-3/,"1,500.00",Accent Tiles,,,,
Three Musketeers (Set of 3),https://printawallpaper.com/shop/three-musketeers-set-of-3/,"1,500.00",Accent Tiles,,,,
Three Nuggets (Set of 3),https://printawallpaper.com/shop/three-nuggets-set-of-3/,"1,500.00",Accent Tiles,,,,
Three Steps to Happiness (Set of 3),https://printawallpaper.com/shop/three-steps-to-happiness-set-of-3/,"1,500.00",Accent Tiles,,,,
Thunderbolts (Set of 3),https://printawallpaper.com/shop/thunderbolts-set-of-3/,"1,500.00",Accent Tiles,,,,
Tour of London (Set of 3),https://printawallpaper.com/shop/tour-of-london-set-of-3/,"1,500.00",Accent Tiles,,,,
Vintage Cars (Set of 3),https://printawallpaper.com/shop/vintage-cars-set-of-3/,"1,500.00",Accent Tiles,,,,
Watercolor Flowers (Set of 3),https://printawallpaper.com/shop/watercolor-flowers-set-of-3/,"1,500.00",Accent Tiles,,,,
Winter Wonderland (Set of 3),https://printawallpaper.com/shop/winter-wonderland-set-of-3/,"1,500.00",Accent Tiles,,,,
,,"1,500.00",,,,,
,,0.00,,,,,
,,0.00,,,,,
,,0.00,,,It goes without saying that this set of 3 accent tiles is specifically designed for the child who is an ardent admirer of the Avengers superheroes. Our accent tiles are imprinted with chemical-free inks for a heroic and yet safe transformation of your child’s room décor.,,Ceramic Decorative Tiles
,,"1,500.00",,,Our Accent Tiles are printed with green UV inks on coated Ceramic tiles in size 8″ square. They have a tough velvet+rubber backing to avoid breakage or cracks. They are ready to hang with pre-installed brass hooks .,,Printed Ceramic Tiles
,,,,,,,UV Printed Tiles
The Avengers (Set of 3),https://printawallpaper.com/shop/the-avengers-set-of-3/,0.00,Accent Tiles,,,,
Celestial Journey (Set of 3),https://printawallpaper.com/shop/the-celestial-journey-set-of-3/,"1,500.00",Accent Tiles,,,,
Royal Roar (Set of 3),https://printawallpaper.com/shop/the-royal-roar-set-of-3/,"1,500.00",Accent Tiles,,,,
Zen Principle (Set of 3),https://printawallpaper.com/shop/the-zen-principle-set-of-3/,"1,500.00",Accent Tiles,,,,
Three Musketeers (Set of 3),https://printawallpaper.com/shop/three-musketeers-set-of-3/,"1,500.00",Accent Tiles,,,,
,https://printawallpaper.com/shop/three-nuggets-set-of-3/,"1,500.00",,,,,
,https://printawallpaper.com/shop/three-steps-to-happiness-set-of-3/,,,,,,
,https://printawallpaper.com/shop/thunderbolts-set-of-3/,,,,,,
,,0.00,,,It goes without saying that this set of 3 accent tiles is specifically designed for the child who is an ardent admirer of the Avengers superheroes. Our accent tiles are imprinted with chemical-free inks for a heroic and yet safe transformation of your child’s room décor.,,Ceramic Decorative Tiles
,,"1,500.00",,,Our Accent Tiles are printed with green UV inks on coated Ceramic tiles in size 8″ square. They have a tough velvet+rubber backing to avoid breakage or cracks. They are ready to hang with pre-installed brass hooks .,,Printed Ceramic Tiles
,,,,,,,UV Printed Tiles
The Avengers (Set of 3),https://printawallpaper.com/shop/the-avengers-set-of-3/,"1,500.00",Accent Tiles,,,,
Celestial Journey (Set of 3),https://printawallpaper.com/shop/the-celestial-journey-set-of-3/,"1,500.00",Accent Tiles,,,,
Royal Roar (Set of 3),https://printawallpaper.com/shop/the-royal-roar-set-of-3/,"1,500.00",Accent Tiles,,,,
Zen Principle (Set of 3),https://printawallpaper.com/shop/the-zen-principle-set-of-3/,"1,500.00",Accent Tiles,,,,
Three Musketeers (Set of 3),https://printawallpaper.com/shop/three-musketeers-set-of-3/,"1,500.00",Accent Tiles,,,,
,https://printawallpaper.com/shop/three-nuggets-set-of-3/,"1,500.00",,,,,
,https://printawallpaper.com/shop/three-steps-to-happiness-set-of-3/,,,,,,
,https://printawallpaper.com/shop/thunderbolts-set-of-3/,,,,,,
,,"1,500.00",,,"This set of accent tiles is a thing of beauty. Designed to represent the cosmic journeys that we go through every day, in the form of mornings, noon and nights, these tiles can transform a living space corner to a space studio. The eternal appeal of the sun, moon and stars adds to the intricate designs and colours, imprinted with green, chemical-free inks.",,Ceramic Decorative Tiles
,,"1,500.00",,,Our Accent Tiles are printed with green UV inks on coated Ceramic tiles in size 8″ square. They have a tough velvet+rubber backing to avoid breakage or cracks. They are ready to hang with pre-installed brass hooks .,,Printed Ceramic Tiles
,,,,,,,UV Printed Tiles
The Avengers (Set of 3),https://printawallpaper.com/shop/the-avengers-set-of-3/,"1,500.00",Accent Tiles,,,,
Celestial Journey (Set of 3),https://printawallpaper.com/shop/the-celestial-journey-set-of-3/,"1,500.00",Accent Tiles,,,,
Royal Roar (Set of 3),https://printawallpaper.com/shop/the-royal-roar-set-of-3/,"1,500.00",Accent Tiles,,,,
Zen Principle (Set of 3),https://printawallpaper.com/shop/the-zen-principle-set-of-3/,"1,500.00",Accent Tiles,,,,
Three Musketeers (Set of 3),https://printawallpaper.com/shop/three-musketeers-set-of-3/,"1,500.00",Accent Tiles,,,,
,https://printawallpaper.com/shop/three-nuggets-set-of-3/,"1,500.00",,,,,
,https://printawallpaper.com/shop/three-steps-to-happiness-set-of-3/,,,,,,
,https://printawallpaper.com/shop/thunderbolts-set-of-3/,,,,,,
,,"1,500.00",,,"This set of accent tiles is a thing of beauty. Designed to represent the cosmic journeys that we go through every day, in the form of mornings, noon and nights, these tiles can transform a living space corner to a space studio. The eternal appeal of the sun, moon and stars adds to the intricate designs and colours, imprinted with green, chemical-free inks.",,Ceramic Decorative Tiles
,,"1,500.00",,,Our Accent Tiles are printed with green UV inks on coated Ceramic tiles in size 8″ square. They have a tough velvet+rubber backing to avoid breakage or cracks. They are ready to hang with pre-installed brass hooks .,,Printed Ceramic Tiles
,,,,,,,UV Printed Tiles
